{"cameraMode":{"drawMode":0,"name":"Shaded","section":"Shading Mode"},"sceneLighting":true,"audioPlay":false,"sceneViewState":{"m_AlwaysRefresh":false,"showFog":true,"showSkybox":true,"showFlares":true,"showImageEffects":true,"showParticleSystems":true,"showVisualEffectGraphs":true,"m_FxEnabled":true},"in2DMode":false,"pivot":{"x":-0.017309360206127168,"y":-0.014829955995082856,"z":-1.0057240724563599},"rotation":{"x":-0.01679978147149086,"y":-0.03389160707592964,"z":0.0005555279785767198,"w":-0.9993284344673157},"size":0.9049965143203735,"orthographic":false}